-- Migration: Initial schema for Galeria y Enmarcados del Bajio (Revised for Idempotency)

-- 1. Drop existing tables to ensure a clean update (CASCADE handles dependencies)
DROP TABLE IF EXISTS products CASCADE;
DROP TABLE IF EXISTS portfolio_items CASCADE;
DROP TABLE IF EXISTS moldings CASCADE;
DROP TABLE IF EXISTS mat_colors CASCADE;
DROP TABLE IF EXISTS mat_color_groups CASCADE;
DROP TABLE IF EXISTS services CASCADE;

-- 2. Create Tables
CREATE TABLE products (
  id BIGINT PRIMARY KEY GENERATED BY DEFAULT AS IDENTITY,
  file TEXT NOT NULL,
  title_en TEXT NOT NULL,
  title_es TEXT NOT NULL,
  category_en TEXT NOT NULL,
  category_es TEXT NOT NULL,
  desc_en TEXT NOT NULL,
  desc_es TEXT NOT NULL,
  price FLOAT NOT NULL,
  created_at TIMESTAMPTZ DEFAULT NOW()
);

CREATE TABLE portfolio_items (
  id BIGINT PRIMARY KEY GENERATED BY DEFAULT AS IDENTITY,
  file TEXT NOT NULL,
  title_en TEXT NOT NULL,
  title_es TEXT NOT NULL,
  category_en TEXT NOT NULL,
  category_es TEXT NOT NULL,
  desc_en TEXT NOT NULL,
  desc_es TEXT NOT NULL,
  aspect TEXT NOT NULL,
  created_at TIMESTAMPTZ DEFAULT NOW()
);

CREATE TABLE moldings (
  id BIGINT PRIMARY KEY GENERATED BY DEFAULT AS IDENTITY,
  name_en TEXT NOT NULL,
  name_es TEXT NOT NULL,
  file TEXT NOT NULL,
  category_en TEXT NOT NULL,
  category_es TEXT NOT NULL,
  created_at TIMESTAMPTZ DEFAULT NOW()
);

CREATE TABLE mat_color_groups (
  id BIGINT PRIMARY KEY GENERATED BY DEFAULT AS IDENTITY,
  name_en TEXT NOT NULL,
  name_es TEXT NOT NULL,
  created_at TIMESTAMPTZ DEFAULT NOW()
);

CREATE TABLE mat_colors (
  id BIGINT PRIMARY KEY GENERATED BY DEFAULT AS IDENTITY,
  group_id BIGINT REFERENCES mat_color_groups(id) ON DELETE CASCADE,
  name_en TEXT NOT NULL,
  name_es TEXT NOT NULL,
  value TEXT NOT NULL,
  created_at TIMESTAMPTZ DEFAULT NOW()
);

CREATE TABLE services (
  id BIGINT PRIMARY KEY GENERATED BY DEFAULT AS IDENTITY,
  title_en TEXT NOT NULL,
  title_es TEXT NOT NULL,
  description_en TEXT NOT NULL,
  description_es TEXT NOT NULL,
  icon TEXT NOT NULL,
  created_at TIMESTAMPTZ DEFAULT NOW()
);

-- 3. Seed Data

INSERT INTO products (id, file, title_en, title_es, category_en, category_es, desc_en, desc_es, price) VALUES
(1, '20180125_170337.jpg', 'Classic Walnut Frame', 'Marco Nogal Clasico', 'Framing', 'Enmarcado', 'A timeless deep walnut frame custom-built for a family portrait.', 'Marco de nogal profundo hecho a medida, perfecto para retratos familiares.', 850),
(2, '20180202_164440.jpg', 'Rustic Oak Shadowbox', 'Caja de Sombras Roble', 'Framing', 'Enmarcado', 'Hand-finished rustic oak shadowbox designed to preserve memorabilia.', 'Caja de sombras de roble rustico acabada a mano para preservar recuerdos.', 1200),
(3, '20180205_165928.jpg', 'Modern Gallery Frame', 'Marco Galeria Moderno', 'Framing', 'Enmarcado', 'Sleek black gallery frame with museum-grade archival matting.', 'Marco de galeria negro con montaje de archivo de calidad museo.', 950),
(4, '20180208_184850.jpg', 'Ornate Gold Finish', 'Acabado Dorado Ornamentado', 'Maintenance', 'Restauracion', 'Restoration of an antique gold-leaf frame, bringing history back to life.', 'Restauracion de marco antiguo con hoja de oro, devolviendo la historia a la vida.', 1500),
(5, '20180208_184953.jpg', 'Minimalist Maple', 'Maple Minimalista', 'Framing', 'Enmarcado', 'Natural maple wood frame with a clear finish for a contemporary look.', 'Marco de madera de maple natural con acabado transparente contemporaneo.', 750),
(6, '20180215_185709.jpg', 'Vintage White Wash', 'Blanco Vintage', 'Framing', 'Enmarcado', 'Distressed white frame perfect for coastal or farmhouse decor.', 'Marco blanco desgastado perfecto para decoracion costera o campestre.', 680),
(7, '20180329_104214.jpg', 'Deep Canvas Floater', 'Flotador para Canvas', 'Mounting', 'Montaje', 'A custom floater frame that gives the illusion of the canvas floating inside.', 'Marco flotador personalizado que da la ilusion del canvas flotando.', 1100),
(8, '20180423_193653.jpg', 'Double Mat Presentation', 'Presentacion Doble Mat', 'Framing', 'Enmarcado', 'Elegant double matting in cream and navy to accent the artwork.', 'Elegante doble matting en crema y azul marino para acentuar la obra.', 900),
(9, '20180503_192206.jpg', 'Heirloom Restoration', 'Restauracion de Herencia', 'Maintenance', 'Restauracion', 'Detailed restoration work on a damaged mid-century frame.', 'Trabajo detallado de restauracion en un marco danado de mediados de siglo.', 1800),
(10, '20180507_183731.jpg', 'Corporate Certificate', 'Certificado Corporativo', 'Framing', 'Enmarcado', 'Professional framing for diplomas and corporate awards.', 'Enmarcado profesional para diplomas y premios corporativos.', 550),
(11, '20180509_151018.jpg', 'Artisan Corner Joinery', 'Union de Esquinas Artesanal', 'Framing', 'Enmarcado', 'Showcasing our precision corner joinery techniques.', 'Mostrando nuestras tecnicas de precision en union de esquinas.', 1050),
(12, '20180619_213821.jpg', 'Large Format Custom', 'Gran Formato Personalizado', 'Framing', 'Enmarcado', 'Oversized custom frame built reinforced for large-scale photography.', 'Marco personalizado reforzado para fotografia de gran escala.', 2200),
(13, '20180623_194708.jpg', 'Sports Jersey Display', 'Exhibidor de Jersey', 'Mounting', 'Montaje', 'Deep shadowbox with UV glass to protect a signed jersey.', 'Caja de sombras profunda con vidrio UV para proteger un jersey firmado.', 1600),
(14, '20180714_222234.jpg', 'Eclectic Mix', 'Mezcla Eclectica', 'Framing', 'Enmarcado', 'A unique combination of modern and traditional elements.', 'Una combinacion unica de elementos modernos y tradicionales.', 980),
(15, '20180819_145754.jpg', 'Fine Art Preservation', 'Preservacion de Arte Fino', 'Framing', 'Enmarcado', 'Conservation framing using acid-free materials to protect valuable art.', 'Enmarcado de conservacion con materiales libres de acido para arte valioso.', 1350),
(16, '20180831_193243.jpg', 'Texture & Depth', 'Textura y Profundidad', 'Framing', 'Enmarcado', 'Using a textured frame profile to add depth to a flat print.', 'Perfil de marco texturizado para agregar profundidad a una impresion plana.', 870),
(17, 'DSC_0022.JPG', 'Gallery Wall Collection', 'Coleccion Pared Galeria', 'Framing', 'Enmarcado', 'Part of a cohesive set designed for a client''s gallery wall.', 'Parte de un conjunto cohesivo para la pared de galeria de un cliente.', 920),
(18, 'DSC_0100.JPG', 'Detailed Wood Carving', 'Tallado en Madera Detallado', 'Framing', 'Enmarcado', 'Close-up of intricate wood carving details on a custom frame.', 'Detalles intricados de tallado en madera en un marco personalizado.', 1450),
(19, 'DSC_0871.JPG', 'Metallic Accent Frame', 'Marco Acento Metalico', 'Framing', 'Enmarcado', 'Brushed metal finish frame suitable for modern industrial interiors.', 'Marco con acabado de metal cepillado para interiores industriales modernos.', 1050),
(20, 'FB_IMG_1516136999466.jpg', 'Custom Mirror Framing', 'Enmarcado de Espejo', 'Framing', 'Enmarcado', 'Transforming a simple mirror into a statement piece.', 'Transforming a simple mirror into a statement piece.', 1150),
(21, 'IMG_20180208_185310_102.jpg', 'Hand-Stained Finish', 'Acabado Tenido a Mano', 'Framing', 'Enmarcado', 'Custom mixed stain to match the client''s existing furniture.', 'Tinte mezclado a medida para combinar con los muebles existentes del cliente.', 980),
(22, 'IMG-20180414-WA0023.jpg', 'Wedding Photo Series', 'Serie Foto de Boda', 'Framing', 'Enmarcado', 'Elegant and romantic framing for wedding photography.', 'Enmarcado elegante y romantico para fotografia de boda.', 1100),
(23, 'IMG-20180414-WA0024.jpg', 'Family Heritage', 'Herencia Familiar', 'Framing', 'Enmarcado', 'Preserving old family photographs with archival standards.', 'Preservando fotografias familiares antiguas con estandares de archivo.', 850),
(24, 'IMG-20180415-WA0020.jpg', 'Artist Showcase', 'Exhibicion de Artista', 'Framing', 'Enmarcado', 'Framing designed to let the art speak for itself.', 'Enmarcado disenado para dejar que el arte hable por si mismo.', 780),
(25, 'IMG-20180526-WA0038.jpg', 'Bold Color Choice', 'Color Audaz', 'Framing', 'Enmarcado', 'A vibrant frame color chosen to pop against a neutral wall.', 'Un color vibrante de marco elegido para resaltar contra una pared neutral.', 720),
(26, 'IMG-20180528-WA0014.jpg', 'Subtle Elegance', 'Elegancia Sutil', 'Framing', 'Enmarcado', 'Understated design that complements rather than competes.', 'Diseno discreto que complementa en lugar de competir.', 690),
(27, 'IMG-20180611-WA0045.jpg', 'Workshop Process', 'Proceso de Taller', 'Maintenance', 'Restauracion', 'Behind the scenes in our woodshop.', 'Detras de escenas en nuestro taller de madera.', 600),
(28, 'IMG-20180611-WA0046.jpg', 'Precision Cutting', 'Corte de Precision', 'Maintenance', 'Restauracion', 'Ensuring every angle is perfect for a seamless joint.', 'Asegurando que cada angulo sea perfecto para una union sin costuras.', 650),
(29, 'IMG-20180611-WA0047.jpg', 'Final Assembly', 'Ensamblaje Final', 'Maintenance', 'Restauracion', 'The final touches before the piece is ready for delivery.', 'Los toques finales antes de que la pieza este lista para entrega.', 700),
(30, 'IMG-20180908-WA0022.jpeg', 'Showcase Piece', 'Pieza de Exhibicion', 'Maintenance', 'Restauracion', 'The finished work ready to be displayed in the client''s home.', 'La obra terminada lista para exhibir en el hogar del cliente.', 950);

INSERT INTO portfolio_items (id, file, title_en, title_es, category_en, category_es, desc_en, desc_es, aspect) VALUES
(1, '20180125_170337.jpg', 'Classic Walnut Frame', 'Marco Nogal Clasico', 'Framing', 'Enmarcado', 'A timeless deep walnut frame custom-built for a family portrait.', 'Marco de nogal profundo hecho a medida, perfecto para retratos familiares.', 'aspect-square'),
(2, '20180202_164440.jpg', 'Rustic Oak Shadowbox', 'Caja de Sombras Roble', 'Framing', 'Enmarcado', 'Hand-finished rustic oak shadowbox designed to preserve memorabilia.', 'Caja de sombras de roble rustico acabada a mano para preservar recuerdos.', 'aspect-[3/4]'),
(3, '20180205_165928.jpg', 'Modern Gallery Frame', 'Marco Galeria Moderno', 'Framing', 'Enmarcado', 'Sleek black gallery frame with museum-grade archival matting.', 'Marco de galeria negro con montaje de archivo de calidad museo.', 'aspect-[4/3]'),
(4, '20180208_184850.jpg', 'Ornate Gold Finish', 'Acabado Dorado Ornamentado', 'Maintenance', 'Restauracion', 'Restoration of an antique gold-leaf frame, bringing history back to life.', 'Restauracion de marco antiguo con hoja de oro, devolviendo la historia a la vida.', 'aspect-square'),
(5, '20180208_184953.jpg', 'Minimalist Maple', 'Maple Minimalista', 'Framing', 'Enmarcado', 'Natural maple wood frame with a clear finish for a contemporary look.', 'Marco de madera de maple natural con acabado transparente contemporaneo.', 'aspect-[3/4]'),
(6, '20180215_185709.jpg', 'Vintage White Wash', 'Blanco Vintage', 'Framing', 'Enmarcado', 'Distressed white frame perfect for coastal or farmhouse decor.', 'Marco blanco desgastado perfecto para decoracion costera o campestre.', 'aspect-[4/3]'),
(7, '20180329_104214.jpg', 'Deep Canvas Floater', 'Flotador para Canvas', 'Mounting', 'Montaje', 'A custom floater frame that gives the illusion of the canvas floating inside.', 'Marco flotador personalizado que da la ilusion del canvas flotando.', 'aspect-square'),
(8, '20180423_193653.jpg', 'Double Mat Presentation', 'Presentacion Doble Mat', 'Framing', 'Enmarcado', 'Elegant double matting in cream and navy to accent the artwork.', 'Elegante doble matting en crema y azul marino para acentuar la obra.', 'aspect-[3/4]'),
(9, '20180503_192206.jpg', 'Heirloom Restoration', 'Restauracion de Herencia', 'Maintenance', 'Restauracion', 'Detailed restoration work on a damaged mid-century frame.', 'Trabajo detallado de restauracion en un marco danado de mediados de siglo.', 'aspect-[4/3]'),
(10, '20180507_183731.jpg', 'Corporate Certificate', 'Certificado Corporativo', 'Framing', 'Enmarcado', 'Professional framing for diplomas and corporate awards.', 'Enmarcado profesional para diplomas y premios corporativos.', 'aspect-square'),
(11, '20180509_151018.jpg', 'Artisan Corner Joinery', 'Union de Esquinas Artesanal', 'Framing', 'Enmarcado', 'Showcasing our precision corner joinery techniques.', 'Mostrando nuestras tecnicas de precision en union de esquinas.', 'aspect-[3/4]'),
(12, '20180619_213821.jpg', 'Large Format Custom', 'Gran Formato Personalizado', 'Framing', 'Enmarcado', 'Oversized custom frame built reinforced for large-scale photography.', 'Marco personalizado reforzado para fotografia de gran escala.', 'aspect-[4/3]'),
(13, '20180623_194708.jpg', 'Sports Jersey Display', 'Exhibidor de Jersey', 'Mounting', 'Montaje', 'Deep shadowbox with UX glass to protect a signed jersey.', 'Caja de sombras profunda con vidrio UV para proteger un jersey firmado.', 'aspect-square'),
(14, '20180714_222234.jpg', 'Eclectic Mix', 'Mezcla Eclectica', 'Framing', 'Enmarcado', 'A unique combination of modern and traditional elements.', 'Una combinacion unica de elementos modernos y tradicionales.', 'aspect-[3/4]'),
(15, '20180819_145754.jpg', 'Fine Art Preservation', 'Preservacion de Arte Fino', 'Framing', 'Enmarcado', 'Conservation framing using acid-free materials to protect valuable art.', 'Enmarcado de conservacion con materiales libres de acido para arte valioso.', 'aspect-[4/3]'),
(16, '20180831_193243.jpg', 'Texture & Depth', 'Textura y Profundidad', 'Framing', 'Enmarcado', 'Using a textured frame profile to add depth to a flat print.', 'Perfil de marco texturizado para agregar profundidad a una impresion plana.', 'aspect-square'),
(17, 'DSC_0022.JPG', 'Gallery Wall Collection', 'Coleccion Pared Galeria', 'Framing', 'Enmarcado', 'Part of a cohesive set designed for a client''s gallery wall.', 'Parte de un conjunto cohesivo para la pared de galeria de un cliente.', 'aspect-[3/4]'),
(18, 'DSC_0100.JPG', 'Detailed Wood Carving', 'Tallado en Madera Detallado', 'Framing', 'Enmarcado', 'Close-up of intricate wood carving details on a custom frame.', 'Detalles intricados de tallado en madera en un marco personalizado.', 'aspect-[4/3]'),
(19, 'DSC_0871.JPG', 'Metallic Accent Frame', 'Marco Acento Metalico', 'Framing', 'Enmarcado', 'Brushed metal finish frame suitable for modern industrial interiors.', 'Marco con acabado de metal cepillado para interiores industriales modernos.', 'aspect-square'),
(20, 'FB_IMG_1516136999466.jpg', 'Custom Mirror Framing', 'Enmarcado de Espejo', 'Framing', 'Enmarcado', 'Transforming a simple mirror into a statement piece.', 'Transforming a simple mirror into a statement piece.', 'aspect-[3/4]'),
(21, 'IMG_20180208_185310_102.jpg', 'Hand-Stained Finish', 'Acabado Tenido a Mano', 'Framing', 'Enmarcado', 'Custom mixed stain to match the client''s existing furniture.', 'Tinte mezclado a medida para combinar con los muebles existentes del cliente.', 'aspect-[4/3]'),
(22, 'IMG-20180414-WA0023.jpg', 'Wedding Photo Series', 'Serie Foto de Boda', 'Framing', 'Enmarcado', 'Elegant and romantic framing for wedding photography.', 'Enmarcado elegante y romantico para fotografia de boda.', 'aspect-square'),
(23, 'IMG-20180414-WA0024.jpg', 'Family Heritage', 'Herencia Familiar', 'Framing', 'Enmarcado', 'Preserving old family photographs with archival standards.', 'Preservando fotografias familiares antiguas con estandares de archivo.', 'aspect-[3/4]'),
(24, 'IMG-20180415-WA0020.jpg', 'Artist Showcase', 'Exhibicion de Artista', 'Framing', 'Enmarcado', 'Framing designed to let the art speak for itself.', 'Enmarcado disenado para dejar que el arte hable por si mismo.', 'aspect-[4/3]'),
(25, 'IMG-20180526-WA0038.jpg', 'Bold Color Choice', 'Color Audaz', 'Framing', 'Enmarcado', 'A vibrant frame color chosen to pop against a neutral wall.', 'Un color vibrante de marco elegido para resaltar contra una pared neutral.', 'aspect-square'),
(26, 'IMG-20180528-WA0014.jpg', 'Subtle Elegance', 'Elegancia Sutil', 'Framing', 'Enmarcado', 'Understated design that complements rather than competes.', 'Diseno discreto que complementa en lugar de competir.', 'aspect-[3/4]'),
(27, 'IMG-20180611-WA0045.jpg', 'Workshop Process', 'Proceso de Taller', 'Maintenance', 'Restauracion', 'Behind the scenes in our woodshop.', 'Detras de escenas en nuestro taller de madera.', 'aspect-[4/3]'),
(28, 'IMG-20180611-WA0046.jpg', 'Precision Cutting', 'Corte de Precision', 'Maintenance', 'Restauracion', 'Ensuring every angle is perfect for a seamless joint.', 'Asegurando que cada angulo sea perfecto para una union sin costuras.', 'aspect-square'),
(29, 'IMG-20180611-WA0047.jpg', 'Final Assembly', 'Ensamblaje Final', 'Maintenance', 'Restauracion', 'The final touches before the piece is ready for delivery.', 'Los toques finales antes de que la pieza este lista para entrega.', 'aspect-[3/4]'),
(30, 'IMG-20180908-WA0022.jpeg', 'Showcase Piece', 'Pieza de Exhibicion', 'Maintenance', 'Restauracion', 'The finished work ready to be displayed in the client''s home.', 'La obra terminada lista para exhibir en el hogar del cliente.', 'aspect-[4/3]');

INSERT INTO moldings (name_en, name_es, file, category_en, category_es) VALUES
('Dark Walnut', 'Nogal Oscuro', '/assets/moldings/walnut.svg', 'Wood', 'Madera'),
('Classic Oak', 'Roble Clasico', '/assets/moldings/oak.svg', 'Wood', 'Madera'),
('Cherry Wood', 'Madera de Cerezo', '/assets/moldings/cherry.svg', 'Wood', 'Madera'),
('Classic Crown', 'Corona Clasica', '/assets/moldings/crown_molding.svg', 'Wood', 'Madera'),
('Maple Base', 'Base de Maple', '/assets/moldings/baseboard.svg', 'Wood', 'Madera'),
('Mahogany Rail', 'Borde de Caoba', '/assets/moldings/chair_rail.svg', 'Wood', 'Madera'),
('Gold Leaf', 'Hoja de Oro', '/assets/moldings/gold.svg', 'Metallic', 'Metalico'),
('Light Ash', 'Fresno Claro', '/assets/moldings/ash.svg', 'Wood', 'Madera'),
('Natural Bamboo', 'Bambu Natural', '/assets/moldings/bamboo.svg', 'Wood', 'Madera'),
('Beechwood', 'Haya', '/assets/moldings/beech.svg', 'Wood', 'Madera'),
('Birch', 'Abedul', '/assets/moldings/birch.svg', 'Wood', 'Madera'),
('Cedar', 'Cedro', '/assets/moldings/cedar.svg', 'Wood', 'Madera'),
('Dark Ebony', 'Ebano Oscuro', '/assets/moldings/ebony.svg', 'Wood', 'Madera'),
('Elm', 'Olmo', '/assets/moldings/elm.svg', 'Wood', 'Madera'),
('Hickory', 'Nogal Americano', '/assets/moldings/hickory.svg', 'Wood', 'Madera'),
('Ironwood', 'Madera de Hierro', '/assets/moldings/ironwood.svg', 'Wood', 'Madera'),
('Dark Mahogany', 'Caoba Oscura', '/assets/moldings/mahogany_dark.svg', 'Wood', 'Madera'),
('Light Maple', 'Maple Claro', '/assets/moldings/maple_light.svg', 'Wood', 'Madera'),
('Pine', 'Pino', '/assets/moldings/pine.svg', 'Wood', 'Madera'),
('Poplar', 'Alamo', '/assets/moldings/poplar.svg', 'Wood', 'Madera'),
('Redwood', 'Secuoya', '/assets/moldings/redwood.svg', 'Wood', 'Madera'),
('Rosewood', 'Palo de Rosa', '/assets/moldings/rosewood.svg', 'Wood', 'Madera'),
('Sycamore', 'Sicomoro', '/assets/moldings/sycamore.svg', 'Wood', 'Madera'),
('Teak', 'Teca', '/assets/moldings/teak.svg', 'Wood', 'Madera'),
('Wenge', 'Wengue', '/assets/moldings/wenge.svg', 'Wood', 'Madera'),
('Zebrawood', 'Zebrawood', '/assets/moldings/zebrawood.svg', 'Wood', 'Madera'),
('Brushed Silver', 'Plata Cepillada', '/assets/moldings/silver.svg', 'Metallic', 'Metalico'),
('Antique Bronze', 'Bronce Antiguo', '/assets/moldings/bronze.svg', 'Metallic', 'Metalico'),
('Copper', 'Cobre', '/assets/moldings/copper.svg', 'Metallic', 'Metalico'),
('Rose Gold', 'Oro Rosa', '/assets/moldings/rose_gold.svg', 'Metallic', 'Metalico'),
('Platinum', 'Platino', '/assets/moldings/platinum.svg', 'Metallic', 'Metalico'),
('Matte Black', 'Negro Mate', '/assets/moldings/black_matte.svg', 'Painted', 'Pintado'),
('Matte White', 'Blanco Mate', '/assets/moldings/white_matte.svg', 'Painted', 'Pintado'),
('Distressed White', 'Blanco Desgastado', '/assets/moldings/distressed_white.svg', 'Painted', 'Pintado'),
('Charcoal', 'Carbon', '/assets/moldings/charcoal.svg', 'Painted', 'Pintado'),
('Navy Blue', 'Azul Marino', '/assets/moldings/navy_blue.svg', 'Painted', 'Pintado'),
('Forest Green', 'Verde Bosque', '/assets/moldings/forest_green.svg', 'Painted', 'Pintado');

INSERT INTO mat_color_groups (id, name_en, name_es) VALUES
(1, 'Neutrals', 'Neutros'),
(2, 'Bolds', 'Llamativos'),
(3, 'Earthy', 'Terrosos');

INSERT INTO mat_colors (group_id, name_en, name_es, value) VALUES
(1, 'Pure White', 'Blanco Puro', '#FFFFFF'),
(1, 'Antique White', 'Blanco Antiguo', '#F5F5F0'),
(1, 'Cream', 'Crema', '#FFFDD0'),
(1, 'Soft Gray', 'Gris Suave', '#D3D3D3'),
(1, 'Charcoal', 'Carbon', '#36454F'),
(1, 'Gallery Black', 'Negro Galeria', '#1a1a1a'),
(2, 'Navy Blue', 'Azul Marino', '#1B2A4A'),
(2, 'Burgundy', 'Borgona', '#4A1B1B'),
(2, 'Forest Green', 'Verde Bosque', '#1B3022'),
(2, 'Deep Plum', 'Ciruela Profundo', '#361B30'),
(3, 'Sage Green', 'Verde Salvia', '#8A9A5B'),
(3, 'Ochre', 'Ocre', '#CC7722'),
(3, 'Terracotta', 'Terracota', '#E2725B'),
(3, 'Slate Blue', 'Azul Pizarra', '#708090');

INSERT INTO services (title_en, title_es, description_en, description_es, icon) VALUES
('Custom Framing', 'Enmarcado a Medida', 'Tailored frames designed to perfectly complement and protect your artwork, using premium hardwoods like Walnut, Oak, and Mahogany.', 'Marcos diseñados a medida para complementar y proteger perfectamente su obra de arte, utilizando maderas duras premium como Nogal, Roble y Caoba.', 'Ruler'),
('Large-Scale Frames', 'Marcos de Gran Escala', 'Specialized structural framing for oversized pieces, ensuring stability and visual impact without compromising elegance.', 'Enmarcado estructural especializado para piezas de gran tamano, asegurando estabilidad e impacto visual sin comprometer la elegancia.', 'Image'),
('Artistic Mounting', 'Montaje Artistico', 'Museum-quality mounting techniques that preserve the integrity of your pieces while enhancing their presentation.', 'Tecnicas de montaje de calidad de museo que preservan la integridad de sus piezas mientras mejoran su presentacion.', 'Palette');
